,National Highways,OSMRI,States,length,routes,National Highway URLS,OSMRI_URL
0,National Highway 1 (India),3194791,Jammu and Kashmir,535 km (332 mi),"(NH1A) Uri, Baramula, (NH1D) Srinagar, Kargil, Leh",https://en.wikipedia.org/wiki/National_Highway_1_(India),http://openstreetmap.org/browse/relation/3194791
1,National Highway 2 (India),3194847,Assam,"1,214 km (754 mi)","(NH37) NH15 near Dibrugrah, Sibsagar, (NH61) Jhanji, Amguri, Mokokchung, Wohka, (NH39) Kohima, (NH150) Imphal, Churachandpur, (NH54) Seling, Serchhip, Lawngtla, Tuipang",https://en.wikipedia.org/wiki/National_Highway_2_(India),http://openstreetmap.org/browse/relation/3194847
2,National Highway 102 (India),3207333,Manipur,107 km (66 mi),"(NH39) NH2 near Imphal, Moreh",https://en.wikipedia.org/wiki/National_Highway_102_(India),http://openstreetmap.org/browse/relation/3207333
3,National Highway 202 (India),3207789,Nagaland,460 km (290 mi),"(NH155) NH2 near Mokokchung, Tuensang, Sampurre, Meluri, (NH150) Jessami, Ukhrul, NH2 near Imphal",https://en.wikipedia.org/wiki/National_Highway_202_(India),http://openstreetmap.org/browse/relation/3207789
4,National Highway 302 (India),3208481,Mizoram,10 km (6.2 mi),"(NH54A) NH2 near Therait, Lunglei",https://en.wikipedia.org/wiki/National_Highway_302_(India),http://openstreetmap.org/browse/relation/3208481
5,National Highway 502 (India),3208496,Mizoram,23 km (14 mi),"(NH54B) NH2 near Venus Saddle, Saiha",https://en.wikipedia.org/wiki/National_Highway_502_(India),http://openstreetmap.org/browse/relation/3208496
6,National Highway 3 (India),3195225,Uttar Pradesh,"1,190 km (740 mi)","Agra, Dholpur, Morena, Gwalior, Shivpuri, Guna, Biaora, ",https://en.wikipedia.org/wiki/National_Highway_3_(India),http://openstreetmap.org/browse/relation/3195225
7,National Highway 103 (India),3208959,Himachal Pradesh,58 km (36 mi),"(NH88) NH3 near Hamirpur, Bhota, Ghumarwain, NH154 near Ghaghas",https://en.wikipedia.org/wiki/National_Highway_103_(India),http://openstreetmap.org/browse/relation/3208959
8,National Highway 303 (India),3209917,Himachal Pradesh,60 km (37 mi),"(NH20A) NH154 near Nagrota, (NH88) Daulatur, Ranital, Jawalamukhi, NH3 near Nadaun",https://en.wikipedia.org/wiki/National_Highway_303_(India),http://openstreetmap.org/browse/relation/3209917
9,National Highway 133 (India),,Jharkhand,200 km (120 mi),"Pirpainti, Godda, Deoghar",https://en.wikipedia.org/wiki/National_Highway_133_(India),None
10,National Highway 503 (India),3209984,Himachal Pradesh,70 km (43 mi),"(NH88) NH154 near Mataur, Kangra, (NH20A) Ranital, Dera Gopipur, NH3 near Mubarakpur",https://en.wikipedia.org/wiki/National_Highway_503_(India),http://openstreetmap.org/browse/relation/3209984
11,National Highway 703 (India),3210116,Punjab,144 km (89 mi),"(NH71) NH44 near Jaland, Nakodar, Mahatpur, Moga, Badhni, NH7 near Barnala",https://en.wikipedia.org/wiki/National_Highway_703_(India),http://openstreetmap.org/browse/relation/3210116
12,National Highway 4 (India),3210218,Andaman & Nicobar,230 km (140 mi),"(NH223) Mayabandar, Port Blair, Chiriyatapu",https://en.wikipedia.org/wiki/National_Highway_4_(India),http://openstreetmap.org/browse/relation/3210218
13,National Highway 5 (India),3195290,Punjab,637 km (396 mi),"(NH95) Firozepur, Moga, Jagraon, Ludhiana, (NH21) Kharar, (NH22) Chandigarh, Kalka, Solan, Shimla, Theog, Narkanda, Rampur, Chini, Shipkila",https://en.wikipedia.org/wiki/National_Highway_5_(India),http://openstreetmap.org/browse/relation/3195290
14,National Highway 105 (India),3210467,Himachal Pradesh,67 km (42 mi),"(NH21A) NH5 near Pinjore, Baddi, Nalagarh, NH205 near Swarghat",https://en.wikipedia.org/wiki/National_Highway_105_(India),http://openstreetmap.org/browse/relation/3210467
15,National Highway 205 (India),3210477,Himachal Pradesh,183 km (114 mi),"(NH21) Kharar Ropar, Swarghat, (NH88) Nauni, Darlaghat, NH5 near Shimla",https://en.wikipedia.org/wiki/National_Highway_205_(India),http://openstreetmap.org/browse/relation/3210477
16,National Highway 6 (India),3257907,Gujarat,"1,873 km (1,164 mi)","Surat, Dhule, Jalgaon, Bhusaval, Akola, Amravati, Nagpur, Bhandara, Durg, Raipur, Mahasamund, Sambalpur, Kolkata",https://en.wikipedia.org/wiki/National_Highway_6_(India),http://openstreetmap.org/browse/relation/3257907
17,National Highway 106 (India),3258906,Meghalaya,82 km (51 mi),"(NH44E) Shillong, Nongstoin",https://en.wikipedia.org/wiki/National_Highway_106_(India),http://openstreetmap.org/browse/relation/3258906
18,National Highway 206 (India),3258935,Meghalaya,126 km (78 mi),"(NH40) Jowai, Dauki, Mylliem",https://en.wikipedia.org/wiki/National_Highway_206_(India),http://openstreetmap.org/browse/relation/3258935
19,National Highway 306 (India),3258947,Assam,,"(NH54) Kolasib, Silchar",https://en.wikipedia.org/wiki/National_Highway_306_(India),http://openstreetmap.org/browse/relation/3258947
20,National Highway 7 (India),3195344,Punjab,770 km (480 mi),"(NH10) Fazilka, (NH15) Abohar, Malaut, (NH64) Bathinda, Barnala, Sangrur, Patiala, Rajpura, (NH73) Panchkula, Raipur Rani, (NH72) Narayangarh, Dhanana, Ponta-Sahib, Dehradun, (NH58) Rishikesh, Devprayag, Rudraprayag, Karnaprayag, Chamoli, Badrinath, Mana",https://en.wikipedia.org/wiki/National_Highway_7_(India),http://openstreetmap.org/browse/relation/3195344
21,National Highway 107 (India),3210938,Uttarakhand,74 km (46 mi),"(NH109) Rudraprayag, Guptkashi Phata, Gaurikund",https://en.wikipedia.org/wiki/National_Highway_107_(India),http://openstreetmap.org/browse/relation/3210938
22,National Highway 307 (India),3210976,Uttarakhand,46 km (29 mi),"(NH72A) Dehradun, Mohand, Biharigarh, Chhutmalpur",https://en.wikipedia.org/wiki/National_Highway_307_(India),http://openstreetmap.org/browse/relation/3210976
23,National Highway 507 (India),3211487,Uttarakhand,109 km (68 mi),"(NH123) Harbatpur, Vikasnagar, Kalsi, Barkot,",https://en.wikipedia.org/wiki/National_Highway_507_(India),http://openstreetmap.org/browse/relation/3211487
24,National Highway 707 (India),3211535,Himachal Pradesh,151 km (94 mi),"(NH72B) Paonta Sahib, Rajban, Shillai, Minas, Minus-Tiuni, Hatkoti",https://en.wikipedia.org/wiki/National_Highway_707_(India),http://openstreetmap.org/browse/relation/3211535
25,National Highway 907 (India),3211948,Himachal Pradesh,60 km (37 mi),"(NH73A) Paonta Sahib, Darpur, Ledi, Mustafabad, Jagadhri, Yamuna Nagar",https://en.wikipedia.org/wiki/National_Highway_907_(India),http://openstreetmap.org/browse/relation/3211948
26,National Highway 8 (India),3211965,Assam,371 km (231 mi),"(NH44) Karimganj, Patharkandi, Churaibari, Ambasa, Teliamura, Agartala, Udaipur, Sabrum Indo",https://en.wikipedia.org/wiki/National_Highway_8_(India),http://openstreetmap.org/browse/relation/3211965
27,National Highway 108 (India),3213212,Tripura,,"(NH44A) Namu, Mamit, Lengpui, Sairang, Aizawl",https://en.wikipedia.org/wiki/National_Highway_108_(India),http://openstreetmap.org/browse/relation/3213212
28,National Highway 9 (India),3196981,Punjab,811 km (504 mi),"(NH10) Malaut, Dabwali, Sirsa, Fatehabad, Hisar, Hansi, Rohtak, Bahadurgarh, (NH24) Delhi, Ghaziabad, Moradabad, (NH87) Rampur, Bilaspur, (NH74) Rudrapur, (NH125) Sitarganj-Khatima, Tanakpur, Pithoragarh",https://en.wikipedia.org/wiki/National_Highway_9_(India),http://openstreetmap.org/browse/relation/3196981
29,National Highway 109 (India),3213787,Uttarakhand,284 km (176 mi),"(NH87) Rudrapur, Haldwani, Nainital, Bhowali, Almora, Ranikhet, Dwarahat, Chaukhutiya, Gairsaing, Aobadri, Karnaprayag",https://en.wikipedia.org/wiki/National_Highway_109_(India),http://openstreetmap.org/browse/relation/3213787
30,National Highway 309 (India),3214038,Uttarakhand,287 km (178 mi),"(NH74) Rudrapur, (NH121) Kashipur, Ramnagar, Dhumakot, Thalisain, Tripalisan, (NH119) Bubakhal, Pauri, Srinagar",https://en.wikipedia.org/wiki/National_Highway_309_(India),http://openstreetmap.org/browse/relation/3214038
31,National Highway 509 (India),3214363,Uttar Pradesh,239 km (149 mi),"(NH93) Moradabad, Chandausi, Babrala, Aligarh, Agra",https://en.wikipedia.org/wiki/National_Highway_509_(India),http://openstreetmap.org/browse/relation/3214363
32,National Highway 709 (India),3214590,Haryana,68 km (42 mi),"(NH71A) Rohtak, Gohana, Panipat",https://en.wikipedia.org/wiki/National_Highway_709_(India),http://openstreetmap.org/browse/relation/3214590
33,National Highway 10 (India),3214598,Sikkim,174 km (108 mi),"(NH31) Siliguri, (NH31A) Sivok, Kalimpang, Gangtok, (NH310) border ??",https://en.wikipedia.org/wiki/National_Highway_10_(India),http://openstreetmap.org/browse/relation/3214598
34,National Highway 110 (India),3214645,West Bengal,76 km (47 mi),"(NH55) Siliguri, Karsiyang, Darjeeling",https://en.wikipedia.org/wiki/National_Highway_110_(India),http://openstreetmap.org/browse/relation/3214645
35,National Highway 11 (India),3187168,Rajasthan,495 km (308 mi),"(NH15) Jaisalmer, Pokaran, (NH11) Bikaner, Sri Dungargarh, Ratangarh, Fatehpur",https://en.wikipedia.org/wiki/National_Highway_11_(India),http://openstreetmap.org/browse/relation/3187168
36,National Highway 325 (India),3836269,Rajasthan,135 km (84 mi),"NH25 near Balotra, Siwana, Jalore, Ahore, Takhatgarh, NH14 near Sanderao",https://en.wikipedia.org/wiki/National_Highway_325_(India),http://openstreetmap.org/browse/relation/3836269
37,National Highway 12 (India),3214746,West Bengal,612 km (380 mi),"(NH34) Dalkola, Raiganj, Gajol, Maldah, Farakka, Morgram, Baharampur, Krishananagar, Ranaghat, Barasat, (NH117) Kolkata, Kakdwip, Bok-Khali",https://en.wikipedia.org/wiki/National_Highway_12_(India),http://openstreetmap.org/browse/relation/3214746
38,National Highway 112 (India),3214989,West Bengal,59 km (37 mi),"(NH35) Barasat, Gaighata, Bangaon, border",https://en.wikipedia.org/wiki/National_Highway_112_(India),http://openstreetmap.org/browse/relation/3214989
39,National Highway 13 (India),3215052,Arunachal Pradesh,"1,150 km (710 mi)","(NH229) Tawang, Jang, Sela Lake, Baisakhi, Senge, Mohan Camp, Dirang, Dangsing, Bomdila, Tenga Valley, Kimi, Palizi, Seppa, Sagalee, Midpu, Hoz, Yazali, Ziro Town, Daporijo, Bam, Along, Biru, Pangin, Pasighat (NH-52).",https://en.wikipedia.org/wiki/National_Highway_13_(India),http://openstreetmap.org/browse/relation/3215052
40,National Highway 14 (India),3216171,West Bengal,306 km (190 mi),"(NH60) Morgram, Rampur Hat, Siuri, Raniganj, (NH60A) Bankura, Garhbeta, Salbani, Kharagpur",https://en.wikipedia.org/wiki/National_Highway_14_(India),http://openstreetmap.org/browse/relation/3216171
41,National Highway 114 (India),3216499,West Bengal,109 km (68 mi),"(NH2B Ext) Mallarpur, Mayureswar, Prantik, (NH2B) Bolpur, Bhedia, Guskhara, Talit, Barddhaman",https://en.wikipedia.org/wiki/National_Highway_114_(India),http://openstreetmap.org/browse/relation/3216499
42,National Highway 314 (India),3216523,West Bengal,87 km (54 mi),"(NH60A) Bankura, Puruliya",https://en.wikipedia.org/wiki/National_Highway_314_(India),http://openstreetmap.org/browse/relation/3216523
43,National Highway 15 (India),3216908,Assam,664 km (413 mi),"(NH52) Baihata-Charali, Mangaldai, Dhekiajui, Tezpur, Banderdeva, North Lakhimpur, (NH52B) Kulajan, (NH37) Dibrugarh, Tinsukia, (NH52) Rupai, Mahadevpur, Wakro",https://en.wikipedia.org/wiki/National_Highway_15_(India),http://openstreetmap.org/browse/relation/3216908
44,National Highway 115 (India),3217348,Assam,64 km (40 mi),"(NH37) Dum Duma, Saikhoaghat, Kundil Bazar, Roing",https://en.wikipedia.org/wiki/National_Highway_115_(India),http://openstreetmap.org/browse/relation/3217348
45,National Highway 215 (India),3217522,Assam,,"(NH52B) Mahadevpur, Namchik, Changlang, Khonsa, Kanubari, Dibrugarh",https://en.wikipedia.org/wiki/National_Highway_215_(India),http://openstreetmap.org/browse/relation/3217522
46,National Highway 315 (India),3217452,Assam,111 km (69 mi),"(NH153) Makum, Ledo, Lekhapani, border",https://en.wikipedia.org/wiki/National_Highway_315_(India),http://openstreetmap.org/browse/relation/3217452
47,National Highway 415 (India),3217523,Assam,59 km (37 mi),"(NH52A) Ghopur, Itanagar, Daimukh, Banderdeva",https://en.wikipedia.org/wiki/National_Highway_415_(India),http://openstreetmap.org/browse/relation/3217523
48,National Highway 515 (India),3217636,Assam,111 km (69 mi),"(NH52) Kulajan, Jonai, Pasighat",https://en.wikipedia.org/wiki/National_Highway_515_(India),http://openstreetmap.org/browse/relation/3217636
49,National Highway 715 (India),3217671,Assam,197 km (122 mi),"(NH37A) Tejpur, (NH37) Kaliabor, Jakhalabandha, Bokakhat, Jorhat, Jhanji",https://en.wikipedia.org/wiki/National_Highway_715_(India),http://openstreetmap.org/browse/relation/3217671
50,National Highway 16 (India),3198047,West Bengal,"1,659 km (1,031 mi)","(NH6) Kolkata, (NH60) Kharagpur, (New number NH16 - Old number NH5) Baleshwar, Cuttack, Bhubaneshwar, Vishakhapatnam, Vijayawada, Nellore, Chennai",https://en.wikipedia.org/wiki/National_Highway_16_(India),http://openstreetmap.org/browse/relation/3198047
51,National Highway 116 (India),3218639,West Bengal,52 km (32 mi),"(NH41) Kolaghat, Haldia Port",https://en.wikipedia.org/wiki/National_Highway_116_(India),http://openstreetmap.org/browse/relation/3218639
52,National Highway 216 (India),3218647,Andhra Pradesh,397 km (247 mi),"(NH214) Kathipudi, Kakinada, (NH214A) Machilipatnam, Ongole",https://en.wikipedia.org/wiki/National_Highway_216_(India),http://openstreetmap.org/browse/relation/3218647
53,National Highway 316 (India),3281634,Odisha,,"(NH203) NH16 near Bhubaneshwar - Puri - Konark, (NH203A) Puri - Satpada",https://en.wikipedia.org/wiki/National_Highway_316_(India),http://openstreetmap.org/browse/relation/3281634
54,National Highway 516 (India),3282556,Odisha,8.3 km (5.2 mi),(NH217) NH16 near Narendrapur - Gopalpur,https://en.wikipedia.org/wiki/National_Highway_516_(India),http://openstreetmap.org/browse/relation/3282556
55,National Highway 716 (India),3219078,Andhra Pradesh,147 km (91 mi),"(NH205) Chennai, Tiruttani, Reangunta",https://en.wikipedia.org/wiki/National_Highway_716_(India),http://openstreetmap.org/browse/relation/3219078
56,National Highway 17 (India),3219773,West Bengal,477 km (296 mi),"(NH31) NH10 near Sivok, Bagrakot, (NH31C) Chalsa, Nagarkata, (NH31) Goyerkata, Bispara, Falakata, Sonarpur, Koch-Bihar, Tufanganj, Golakganj, Bilasipara, (NH31B) North Salmana, (NH37) Goalpara, Boko, NH27 near Guwahati",https://en.wikipedia.org/wiki/National_Highway_17_(India),http://openstreetmap.org/browse/relation/3219773
57,National Highway 117 (India),3219792,Assam,14 km (8.7 mi),"(NH31) NH17 near North Salmara, NH27 near Bijni",https://en.wikipedia.org/wiki/National_Highway_117_(India),http://openstreetmap.org/browse/relation/3219792
58,National Highway 217 (India),3219799,Assam,307 km (191 mi),"(NH51) NH17 near Paikan, Tura, (NH62) Dalu, Baghmara, Rongjeng Damra, NH17 near Dudhnai",https://en.wikipedia.org/wiki/National_Highway_217_(India),http://openstreetmap.org/browse/relation/3219799
59,National Highway 317 (India),3220294,West Bengal,67 km (42 mi),"(NH31C) NH17 near Birpara, Madari Hat, Rajabaht Khawa, NH27 near Salsabari",https://en.wikipedia.org/wiki/National_Highway_317_(India),http://openstreetmap.org/browse/relation/3220294
60,National Highway 517 (India),,West Bengal,,"NH17 near Goyerkata, NH27 near Dhupgari",https://en.wikipedia.org/wiki/National_Highway_517_(India),None
61,National Highway 717 (India),3259562,West Bengal,41 km (25 mi),"NH17 near Chalsa, NH27 near Mainaguri",https://en.wikipedia.org/wiki/National_Highway_717_(India),http://openstreetmap.org/browse/relation/3259562
62,National Highway 18 (India),3220404,Jharkhand,359 km (223 mi),"(NH32) NH19 near Govindpur, Dhanbad Cas, Puruliya, Balarampur, (NH33) Chandil, Ghatshila, (NH6) Baharagora, (NH5) junction with NH49, Baripada, Betnoti, NH16 near Baleshwar",https://en.wikipedia.org/wiki/National_Highway_18_(India),http://openstreetmap.org/browse/relation/3220404
63,National Highway 118 (India),3291021,Jharkhand,5 km (3.1 mi),"NH18 near Asanbani, Jamshedpur",https://en.wikipedia.org/wiki/National_Highway_118_(India),http://openstreetmap.org/browse/relation/3291021
64,National Highway 19 (India),3198928,Delhi,"1,435 km (892 mi)","(NH2) Delhi, Mathura, Agra, Kanpur, Allahabad, Varanasi, Mohania, Aurangabad, Dobhi, Barhi, Bagadar, Gobindpur, Asansol, Palsit, Kolkata",https://en.wikipedia.org/wiki/National_Highway_19_(India),http://openstreetmap.org/browse/relation/3198928
65,National Highway 119 (India),3220719,Bihar,75 km (47 mi),"(NH2C) NH19 near Dehri, Jadunathpur, border Bihar/UP",https://en.wikipedia.org/wiki/National_Highway_119_(India),http://openstreetmap.org/browse/relation/3220719
66,National Highway 319 (India),3220892,Bihar,117 km (73 mi),"(NH30) NH19 near Mohania, Dinara, Charpokhari, NH922 near Ara",https://en.wikipedia.org/wiki/National_Highway_319_(India),http://openstreetmap.org/browse/relation/3220892
67,National Highway 519 (India),3220940,Uttar Pradesh,28 km (17 mi),"(NH2A) NH19 near Sikandara, NH27 near Bhognipur",https://en.wikipedia.org/wiki/National_Highway_519_(India),http://openstreetmap.org/browse/relation/3220940
68,National Highway 719 (India),3220992,Uttar Pradesh,124 km (77 mi),"(NH92) NH19 near Etawah, Bhind, NH44 near Gwalior",https://en.wikipedia.org/wiki/National_Highway_719_(India),http://openstreetmap.org/browse/relation/3220992
69,National Highway 919 (India),3221023,Haryana,74 km (46 mi),"(NH71B) NH19 near Palwal, Sohna, Dharuhera, NH352 near Rewari",https://en.wikipedia.org/wiki/National_Highway_919_(India),http://openstreetmap.org/browse/relation/3221023
70,National Highway 20 (India),3222093,Bihar,658 km (409 mi),"(NH31) NH31 near Bakhtiyarpur, Bihar Sharif, Nawada, Rajauli, Kodarma, (NH33) Barhi, Hazaribag, (NH75) Ranchi, Khunti, Murhu, Chakradharpur, Chaibasa, Jaintgarh, Parsora, (NH215) Kendujhargarh, NH16 near Panikholi",https://en.wikipedia.org/wiki/National_Highway_20_(India),http://openstreetmap.org/browse/relation/3222093
71,National Highway 120 (India),3222301,Bihar,92 km (57 mi),"(NH82) NH20 near Bihar Sharif, Nalanda, Rajgir, Hisua, NH22 near Gaya",https://en.wikipedia.org/wiki/National_Highway_120_(India),http://openstreetmap.org/browse/relation/3222301
72,National Highway 320 (India),3222553,Jharkhand,86 km (53 mi),"(NH23) NH20 near Ramgarh, Gola, NH18 near Chas",https://en.wikipedia.org/wiki/National_Highway_320_(India),http://openstreetmap.org/browse/relation/3222553
73,National Highway 520 (India),3222572,Odisha,105 km (65 mi),"(NH125) Parsora, NH143 near Rajamundra",https://en.wikipedia.org/wiki/National_Highway_520_(India),http://openstreetmap.org/browse/relation/3222572
74,National Highway 21 (India),3189802,Rajasthan,262 km (163 mi),"(NH11) Jaipur, Dausa, Bharatpur, Agra",https://en.wikipedia.org/wiki/National_Highway_21_(India),http://openstreetmap.org/browse/relation/3189802
75,National Highway 22 (India),3222675,Bihar,416 km (258 mi),"(NH77) border near Sonbarsa, Sitamarhi, Muzaffarpur, (NH19) Hajipur, (NH83) Patna, Punpun, Gaya, Bodh Gaya, (NH99) Dobhi, Hunterganj, Chatra, NH39 near Chandwa",https://en.wikipedia.org/wiki/National_Highway_22_(India),http://openstreetmap.org/browse/relation/3222675
76,National Highway 122 (India),3222808,Bihar,101 km (63 mi),"(NH28) NH22 near Muzaffarpur, Dholi, Mushrigharari, NH31 near Barauni",https://en.wikipedia.org/wiki/National_Highway_122_(India),http://openstreetmap.org/browse/relation/3222808
77,National Highway 322 (India),3222817,Bihar,58 km (36 mi),"(NH103) NH22 near Hazipur, NH122 near Mushrigharari",https://en.wikipedia.org/wiki/National_Highway_322_(India),http://openstreetmap.org/browse/relation/3222817
78,National Highway 522 (India),3223144,Jharkhand,119 km (74 mi),"(NH100) NH22 near Chatra, Hazaribagh, NH19 near Bagodar",https://en.wikipedia.org/wiki/National_Highway_522_(India),http://openstreetmap.org/browse/relation/3223144
79,National Highway 722 (India),3223177,Bihar,74 km (46 mi),"(NH102) NH22 near Muzaffarpur, Rewaghat, NH31 near Chhapra",https://en.wikipedia.org/wiki/National_Highway_722_(India),http://openstreetmap.org/browse/relation/3223177
80,National Highway 922 (India),3223201,Uttar Pradesh,140 km (87 mi),"(NH30) NH22 near Patna, (NH84) Ara, Bhojpur, Buxar",https://en.wikipedia.org/wiki/National_Highway_922_(India),http://openstreetmap.org/browse/relation/3223201
81,National Highway 23 (India),3189804,Rajasthan,222 km (138 mi),"(NH11A) Kothum, (NH11B) Lalsot, Karauli, Bari, Dhaulpur",https://en.wikipedia.org/wiki/National_Highway_23_(India),http://openstreetmap.org/browse/relation/3189804
82,National Highway 24 (India),3223253,Uttar Pradesh,293 km (182 mi),"(NH29) Sonauli (border), Pharenda, Gorakhpur, (NH97) Ghazipur, Zamania, NH19 near Saiyad Raja",https://en.wikipedia.org/wiki/National_Highway_24_(India),http://openstreetmap.org/browse/relation/3223253
83,National Highway 25 (India),3189720,Rajasthan,353 km (219 mi),"(NH112) Barmer, Kawas, Madhasar, Dhudhwa, Bagundi, Tilwara, Balotra, Pachpadra, Kalyanpur, Jodhpur, Kaparda, Bilara, Jaitaran, (NH14) Bar, Beawar",https://en.wikipedia.org/wiki/National_Highway_25_(India),http://openstreetmap.org/browse/relation/3189720
84,National Highway 125 (India),3189827,Rajasthan,168 km (104 mi),"(NH114) Jodhpur, Balesar, Dechu, Pokaran",https://en.wikipedia.org/wiki/National_Highway_125_(India),http://openstreetmap.org/browse/relation/3189827
85,National Highway 26 (India),3223309,Odisha,526 km (327 mi),"(NH201) NH53 near Bargarh, Barapali, Balangir, Bhawanipatna, (NH43) Boriguma, Koraput, Salur, Vizianagaram, NH16 near Natavalsa",https://en.wikipedia.org/wiki/National_Highway_26_(India),http://openstreetmap.org/browse/relation/3223309
86,National Highway 27 (India),3188931,Gujarat,"3,507 km (2,179 mi)","(NH112) Porbandar, (NH8A) Bamanbore, Morvi, (NH15) Samakhiali, (NH14) Radhanpur, Palanpur, (NH76) Pindwara, Udaipur, Mangarwar, Chittaurgarh, Kota, Baran, Shivpuri, Ganj, (NH25) Jhansi, (NH128) Kanpur, Lucknow, (NH28) Faizabad, Gorakhpur, Gopalganj, Pipra, Kothi, (NH57) Muzaffarpur, Darbhanga, Forbesganj, Araria, (NH31) Purnia, Dalkola, Islampur, (NH31D) Shiliguri, Jalaiguri, (NH31) Mainaguri, Dhupgar, Falakata, (NH31D) Sonapur, (NH31C) Salsaguri, (NH31) Bongaigaon, Bijni, Patacharkuchi, Nalbari, (NH37) Guwahati, Dishpur, (NH36) Nagaon, (NH54) Dobaka,Lumding, Haflong, Silchar",https://en.wikipedia.org/wiki/National_Highway_27_(India),http://openstreetmap.org/browse/relation/3188931
87,National Highway 127 (India),3224406,Assam,42 km (26 mi),"(NH37) NH27 near Nagaon, Samaguri, NH715 near Jakhalabandha",https://en.wikipedia.org/wiki/National_Highway_127_(India),http://openstreetmap.org/browse/relation/3224406
88,National Highway 127A (India),3281526,Assam,38 km (24 mi),(NH152) Pathsala - Bhutan border,https://en.wikipedia.org/wiki/National_Highway_127A_(India),http://openstreetmap.org/browse/relation/3281526
89,National Highway 227 (India),3224496,Bihar,214 km (133 mi),"(NH104) NH27 near Chakia, Narhar, Pakri Bridge, Madhuban, Shivhar, Sitamarhi, Harlakhi, Umgaon, Jaynagar, Laukaha, Laukahi, NH27 near Narahia",https://en.wikipedia.org/wiki/National_Highway_227_(India),http://openstreetmap.org/browse/relation/3224496
90,National Highway 327 (India),3224653,West Bengal,32 km (20 mi),"(NH31C) NH27 near Bagdogra, Naksal Bari, Galgalia",https://en.wikipedia.org/wiki/National_Highway_327_(India),http://openstreetmap.org/browse/relation/3224653
91,National Highway 527 (India),3224706,Bihar,14 km (8.7 mi),"(NH57A) NH27 near Forbesganj, Jogbani",https://en.wikipedia.org/wiki/National_Highway_527_(India),http://openstreetmap.org/browse/relation/3224706
92,National Highway 527B (India),3224711,Bihar,54 km (34 mi),"(NH105) NH27 near Darbhanga, Aunsi, NH227 near Jaynagar",https://en.wikipedia.org/wiki/National_Highway_527B_(India),http://openstreetmap.org/browse/relation/3224711
93,National Highway 527D (India),3224720,Bihar,69 km (43 mi),"(NH28A) NH27 near Piprakothi, Sagauli, Raxaul, Nepal border",https://en.wikipedia.org/wiki/National_Highway_527D_(India),http://openstreetmap.org/browse/relation/3224720
94,National Highway 727 (India),3224736,Uttar Pradesh,169 km (105 mi),"(NH28B) NH27 near Kushinagar, Chhitanuni Rail-cum-Road bridge, Bagaha, Lauriya, Bettiah, NH527D near Chhapwa",https://en.wikipedia.org/wiki/National_Highway_727_(India),http://openstreetmap.org/browse/relation/3224736
95,National Highway 927 (India),3224750,Uttar Pradesh,152 km (94 mi),"(NH28C) NH27 near Barabanki, Baharaich, Nepalganj (border)",https://en.wikipedia.org/wiki/National_Highway_927_(India),http://openstreetmap.org/browse/relation/3224750
96,National Highway 28 (India),3225118,Uttar Pradesh,305 km (190 mi),"(NH233) Nepal border, Naugarh, Sidarth Nagar, Bansi, Basti Tanda, (SH73) Azamgarh, NH31 near Varanasi",https://en.wikipedia.org/wiki/National_Highway_28_(India),http://openstreetmap.org/browse/relation/3225118
97,National Highway 128 (India),3225139,Uttar Pradesh,164 km (102 mi),"(NH232) NH28 near Tanda Ambedkar Nagar, Sultanpur, Amethi, NH30 near Rae Bareli",https://en.wikipedia.org/wiki/National_Highway_128_(India),http://openstreetmap.org/browse/relation/3225139
98,National Highway 29 (India),3225538,Assam,320 km (200 mi),"(NH36) NH27 near Dabaka (Sutargaon), Amlakhi, (NH39) Dimapur, (NH150) Kohima Chizam, NH202 near Jessami",https://en.wikipedia.org/wiki/National_Highway_29_(India),http://openstreetmap.org/browse/relation/3225538
99,National Highway 129 (India),3225875,Assam,105 km (65 mi),"(NH39) NH29 near Dimapur, Bokajan, Golaghat, NH715 near Numaligarh",https://en.wikipedia.org/wiki/National_Highway_129_(India),http://openstreetmap.org/browse/relation/3225875
100,National Highway 30 (India),3225905,Uttarakhand,"2,010 km (1,250 mi)","(NH74) NH9 near Sitarganj, Pilibhit, (NH24) Bareilly, Shahjahanpur, Sitapur, (NH24B) Lucknow, (NH231) Raebareli, (NH96) Pratapgarh, (NH27) Allahabad, Mangawan, (NH7) Rewa, Katni, (NH12A) Jabalpur, Mandla, Chilpi, (NH200) Simga, (NH43) Raipur, Dhamtari, Keskal, (NH221) Jagdalpur, Konta, Nellipaka, Bhadrachalam, Paloncha, Kottagudam, Tiravuru, Mailavaram, NH65 near Kondapalle",https://en.wikipedia.org/wiki/National_Highway_30_(India),http://openstreetmap.org/browse/relation/3225905
101,National Highway 130 (India),3226218,Chhattisgarh,291 km (181 mi),"(NH200) NH30 near Simga, (NH111) Bilaspur, Kathgora, NH43 near Ambikapur",https://en.wikipedia.org/wiki/National_Highway_130_(India),http://openstreetmap.org/browse/relation/3226218
102,National Highway 330 (India),3226243,Uttar Pradesh,103 km (64 mi),"(NH96) NH30 near Allahabad, Pratapgarh, Sultanpur, NH27 near Faizabad",https://en.wikipedia.org/wiki/National_Highway_330_(India),http://openstreetmap.org/browse/relation/3226243
103,National Highway 530 (India),3226393,Uttar Pradesh,66 km (41 mi),"(NH24) NH30 near Bareily, NH9 near Rampur",https://en.wikipedia.org/wiki/National_Highway_530_(India),http://openstreetmap.org/browse/relation/3226393
104,National Highway 230 (India),3266623,Uttar Pradesh,17 km (11 mi),"(NH24A) NH30 near Bakshi-ka-Talab, Chenhat, junction with NH27 / NH731 / NH30 / NH27, NH30 near Bakshi-ka-Talab",https://en.wikipedia.org/wiki/National_Highway_230_(India),http://openstreetmap.org/browse/relation/3266623
105,National Highway 31 (India),3226439,Uttar Pradesh,968 km (601 mi),"(NH232A) NH27 near Unnao, (NH232) Lalganj, (NH231) Raebareli, Salon, Pratapgarh, Machhlishahr, (NH56) Jaunpur, (NH29) Varanasi, (NH19) Ghazipur, Ballia, Chhapra, (NH30) Hajipur, (NH31) Bakhtiyarpur, Mokama, Begusarai, Khagari, Bihpur, Kora, Katihar, Harishchanderpur, NH12 near Pandua",https://en.wikipedia.org/wiki/National_Highway_31_(India),http://openstreetmap.org/browse/relation/3226439
106,National Highway 131 (India),3259618,Bihar,132 km (82 mi),"(NH106) NH31 near Bihpur, Kishanganj, Madhepura, Birpur (border)",https://en.wikipedia.org/wiki/National_Highway_131_(India),http://openstreetmap.org/browse/relation/3259618
107,National Highway 231 (India),3226776,Bihar,196 km (122 mi),"(NH107) NH31 near Maheshkund, Sonbarsa Raj, Simri Bakhtiyarpur, Saharsa, Madhepura, Sarsi, (NH31) Purnia, NH31 near Kora",https://en.wikipedia.org/wiki/National_Highway_231_(India),http://openstreetmap.org/browse/relation/3226776
108,National Highway 331 (India),3227144,Bihar,65 km (40 mi),"(NH101) NH31 near Chhapra, Baniapur, NH27 near Muhumadpur",https://en.wikipedia.org/wiki/National_Highway_331_(India),http://openstreetmap.org/browse/relation/3227144
109,National Highway 431 (India),3227188,Bihar,70 km (43 mi),"(NH30A) NH31 near Phatuha, Chandi, Harnaut, NH31 near Barh",https://en.wikipedia.org/wiki/National_Highway_431_(India),http://openstreetmap.org/browse/relation/3227188
110,National Highway 531 (India),3227193,Bihar,93 km (58 mi),"(NH85) NH31 near Chhapra, Siwan, NH27 near Gopalganj",https://en.wikipedia.org/wiki/National_Highway_531_(India),http://openstreetmap.org/browse/relation/3227193
111,National Highway 731 (India),3227200,Uttar Pradesh,221 km (137 mi),"(NH56) NH31 near Jaunpur, Sultanpur, NH27 near Lucknow",https://en.wikipedia.org/wiki/National_Highway_731_(India),http://openstreetmap.org/browse/relation/3227200
112,National Highway 32 (India),3227344,Tamil Nadu,314 km (195 mi),"(NH45) NH48 near Chennai, Chengalpattu, (NH66) Tindivanam, (NH45A) Puducherry, Cuddalore, Chidambaram, Karaikal, (Puducherry), NH83 near Nagapatinam",https://en.wikipedia.org/wiki/National_Highway_32_(India),http://openstreetmap.org/browse/relation/3227344
113,National Highway 132 (India),3227797,Tamil Nadu,37 km (23 mi),"(NH45) NH32 near Tindivanam, NH38 near Viluppuram",https://en.wikipedia.org/wiki/National_Highway_132_(India),http://openstreetmap.org/browse/relation/3227797
114,National Highway 332 (India),3227811,Tamil Nadu,38 km (24 mi),"(NH45A) NH32 near Puducherry, NH38 near Viluppuram",https://en.wikipedia.org/wiki/National_Highway_332_(India),http://openstreetmap.org/browse/relation/3227811
115,National Highway 33 (India),3228059,Bihar,443 km (275 mi),"(NH110) NH139 near Arwal, Jahanabad, Bandhuganj, Ekangarsarai, (NH82) Biharsharif, (NH80) Mokama, Luckeesarai, Munger, Bhagalpur, Kahalgaon, Sahibganj, Rajmahal, Barharwa, NH12 near Farakka",https://en.wikipedia.org/wiki/National_Highway_33_(India),http://openstreetmap.org/browse/relation/3228059
116,National Highway 34 (India),3228564,Uttarakhand,"1,426 km (886 mi)","(NH108) Gangotri Dham, Bhatwari, Uttarkashi, (NH94) Dharasu, nearTerhi, Ampata, (NH58) Rishikesh, (NH74) Haridwar, (NH119) Najibabad, Bijnore, (NH58) Meerut, (NH91) Ghaziabad, Bulandshahr, Aligarh, Etah, Kannauj, (NH86) Kanpur, Hamirpur, Mahoba, Chattarpur, (NH12A) Hirapur, Damoh, (NH7) Jabalpur, NH44 near Lakhnadon",https://en.wikipedia.org/wiki/National_Highway_34_(India),http://openstreetmap.org/browse/relation/3228564
117,National Highway 134 (India),3228717,Uttarakhand,94 km (58 mi),"(NH94) NH34 near Dharasu, Kuthnaur, Yamnotri",https://en.wikipedia.org/wiki/National_Highway_134_(India),http://openstreetmap.org/browse/relation/3228717
118,National Highway 334 (India),3228724,Uttarakhand,207 km (129 mi),"(NH58) NH34 near Haridwar, Roorkee, Muzaffarnagar, (NH235) Meerut, Hapur, NH34 near Bulandshar",https://en.wikipedia.org/wiki/National_Highway_334_(India),http://openstreetmap.org/browse/relation/3228724
119,National Highway 534 (India),3228946,Uttarakhand,151 km (94 mi),"(NH119) NH34 near Najibabad, Kotdwar, Satpauli, Bubakhal",https://en.wikipedia.org/wiki/National_Highway_534_(India),http://openstreetmap.org/browse/relation/3228946
120,National Highway 734 (India),3228969,Uttar Pradesh,108 km (67 mi),"(NH74) NH34 near Najibabad, Nagina, NH309 near Kashipur",https://en.wikipedia.org/wiki/National_Highway_734_(India),http://openstreetmap.org/browse/relation/3228969
121,National Highway 934 (India),3229083,Madhya Pradesh,156 km (97 mi),"(NH86) NH34 near Hirapur, Banda, (NH26A) Sagar, Jeruwakhera, Khurai, Bina",https://en.wikipedia.org/wiki/National_Highway_934_(India),http://openstreetmap.org/browse/relation/3229083
122,National Highway 234 (India),3229153,Uttar Pradesh,156 km (97 mi),"(NH91A) NH34 near Kannauj, Bela, (NH92) Etawah, Kishni, NH34 near Bhongaon",https://en.wikipedia.org/wiki/National_Highway_234_(India),http://openstreetmap.org/browse/relation/3229153
123,National Highway 35 (India),3229508,Uttar Pradesh,346 km (215 mi),"(NH76) NH34 near KaBrai, Banda, Karwi, Mau, Allahabad, (NH7) Mirzapur, NH19 near Varanasi",https://en.wikipedia.org/wiki/National_Highway_35_(India),http://openstreetmap.org/browse/relation/3229508
124,National Highway 135 (India),3229736,Madhya Pradesh,130 km (81 mi),"(NH7) NH35 near Mirzapur, Lalganj, Drummondganj, Mauganj, NH30 near Mangawan",https://en.wikipedia.org/wiki/National_Highway_135_(India),http://openstreetmap.org/browse/relation/3229736
125,National Highway 335 (India),3229784,Madhya Pradesh,110 km (68 mi),"(NH232) NH35 near Banda, Fathepur, NH31 near Lalganj",https://en.wikipedia.org/wiki/National_Highway_335_(India),http://openstreetmap.org/browse/relation/3229784
126,National Highway 36 (India),3229793,Tamil Nadu,334 km (208 mi),"(NH45C) NH132 near Vikravandi, Panruti Vadulur, Neyveli-Township, Sethiathop, Kumbakonam, (NH226) Thanjavur, Gandarvakottai, (NH210) Pudukottai, (NH226) Tirumayam, Kilasevalpatti, Tirupattur, Madagupatti, Shivganga, NH87 near Manamadurai",https://en.wikipedia.org/wiki/National_Highway_36_(India),http://openstreetmap.org/browse/relation/3229793
127,National Highway 136 (India),3230497,Tamil Nadu,68 km (42 mi),"(NH226) NH36 near Thanjavur, Thiruvaiyaru, Kunnam, Perali, NH38 near Perambalur",https://en.wikipedia.org/wiki/National_Highway_136_(India),http://openstreetmap.org/browse/relation/3230497
128,National Highway 336 (India),3230541,Tamil Nadu,52 km (32 mi),"(NH210) NH36 near Pudukkottai, Kiranur, NH83 near Tiruchirappalli",https://en.wikipedia.org/wiki/National_Highway_336_(India),http://openstreetmap.org/browse/relation/3230541
129,National Highway 536 (India),3230701,Tamil Nadu,109 km (68 mi),"(NH210) NH36 near Tirumayam, Devakottai, Tiruvadanai, NH87 near Ramanathapuram",https://en.wikipedia.org/wiki/National_Highway_536_(India),http://openstreetmap.org/browse/relation/3230701
130,National Highway 37 (India),3230787,Assam,313 km (194 mi),"(NH53) NH2 near Imphal, Jiribam, Jirighat, Lakhipur, Silchar, (NH44) Badarpur, Karimganj, border",https://en.wikipedia.org/wiki/National_Highway_37_(India),http://openstreetmap.org/browse/relation/3230787
131,National Highway 38 (India),3231116,Tamil Nadu,604 km (375 mi),"(NH234) NH75 near Vellore, Polur, Tiruvannamalai, (NH45) Viluppuram, Ulundurpettai, Perambalur, (NH45B) Tiruchchirappali, Tovarankurichchi, Melur, Madurai, Aruppukkottai, NH138 near Tuticorin Port",https://en.wikipedia.org/wiki/National_Highway_38_(India),http://openstreetmap.org/browse/relation/3231116
132,National Highway 138 (India),3231953,Tamil Nadu,54 km (34 mi),"(NH7A) NH38 near Tuticorin Port, NH44 near Palayankottai",https://en.wikipedia.org/wiki/National_Highway_138_(India),http://openstreetmap.org/browse/relation/3231953
133,National Highway 39 (India),3233217,Madhya Pradesh,869 km (540 mi),"(NH75) NH44 near Jhansi, Chhatarpur, Khajuraho, Panna, Satna, Rewa, Sidhi, Dudhinagar, Garhwa, Daltenganj, Latehar, Chandwa, NH20 near Ranchi",https://en.wikipedia.org/wiki/National_Highway_39_(India),http://openstreetmap.org/browse/relation/3233217
134,National Highway 139 (India),3234465,Bihar,236 km (147 mi),"(NH98) NH39 near Rajhara, Chhatarpur, Hariharganj, Aurangabad, Daudnagar, Arwal, Naubatpur, NH31 near Patna",https://en.wikipedia.org/wiki/National_Highway_139_(India),http://openstreetmap.org/browse/relation/3234465
135,National Highway 339 (India),3290989,Madhya Pradesh,34 km (21 mi),"NH39 near Nowgong, NH34 near Srinagar",https://en.wikipedia.org/wiki/National_Highway_339_(India),http://openstreetmap.org/browse/relation/3290989
136,National Highway 539 (India),3234483,Madhya Pradesh,173 km (107 mi),"(NH12A) NH39 near Jhansi, Pirthipur, Tikamgarh, NH934 near Shahgarh",https://en.wikipedia.org/wiki/National_Highway_539_(India),http://openstreetmap.org/browse/relation/3234483
137,National Highway 40 (India),3234491,Andhra Pradesh,420 km (260 mi),"(NH18) NH44 near Kurnool, Nandyal, Cuddapah, Pileru, Putalapattu, Chittoor, NH48 near Ranipettai",https://en.wikipedia.org/wiki/National_Highway_40_(India),http://openstreetmap.org/browse/relation/3234491
138,National Highway 140 (India),3234929,Andhra Pradesh,0 km (0 mi),"NH40 near Putalpattu, NH71 near Tirupati",https://en.wikipedia.org/wiki/National_Highway_140_(India),http://openstreetmap.org/browse/relation/3234929
139,National Highway 41 (India),3234951,Gujarat,290 km (180 mi),"(NH8A) NH41 near Samakhiyali, Gandhi Dham, Mandvi, Naliya, Narayan Sarovar",https://en.wikipedia.org/wiki/National_Highway_41_(India),http://openstreetmap.org/browse/relation/3234951
140,National Highway 141 (India),3234961,Gujarat,31 km (19 mi),"(NH8A) NH41 near Gandhi Dam, Kandla Port",https://en.wikipedia.org/wiki/National_Highway_141_(India),http://openstreetmap.org/browse/relation/3234961
141,National Highway 42 (India),3234973,Karnataka,337 km (209 mi),"(NH205) NH44 near Anantapur, Kadiri, (NH219) Madanapalli, Kuppam, NH44 near Krishnagiri",https://en.wikipedia.org/wiki/National_Highway_42_(India),http://openstreetmap.org/browse/relation/3234973
142,National Highway 43 (India),3235103,Madhya Pradesh,806 km (501 mi),"(NH78) NH30 near Katni, Umaria, Shahdol, Nagar, Ambikapur, Pathalgaon, Jashpurnagar, Chhattisgarh, (NH23) Gumla, (NH33) Ranchi, NH18 near Chandil",https://en.wikipedia.org/wiki/National_Highway_43_(India),http://openstreetmap.org/browse/relation/3235103
143,National Highway 143 (India),3235599,Jharkhand,247 km (153 mi),"(NH23) NH43 near Gumla, Palkot, Kolebira, Thethaitanagar, Jharkhand, Panposh, Rajamundra, NH49 near Barakot",https://en.wikipedia.org/wiki/National_Highway_143_(India),http://openstreetmap.org/browse/relation/3235599
144,National Highway 44 (India),3189954,Jammu and Kashmir,"3,745 km (2,327 mi)","(NH1A) Srinagar, Jammu, Pathankot, (NH1) Jalandar, Ludhiana, Ambala, Karnal, Panipat, (NH2) Delhi, Faridabad, Mathura, (NH3) Agra, (NH75) Gwalior, (NH26) Jhansi, (NH7) Lakhnadon, Nagpur, Adilabad, Hyderabad, Kurnool, Bengaluru, Salem, Madurai, Kanyakumari",https://en.wikipedia.org/wiki/National_Highway_44_(India),http://openstreetmap.org/browse/relation/3189954
145,National Highway 244 (India),3239209,Jammu and Kashmir,246 km (153 mi),"(NH1B) NH44 near Khanabal, Symthanpass, Kishtwar, Doda, NH44 near Batote",https://en.wikipedia.org/w/index.php?title=National_Highwy_244_(India)&action=edit&redlink=1,http://openstreetmap.org/browse/relation/3239209
146,National Highway 144 (India),3239340,Jammu and Kashmir,15 km (9.3 mi),"(NH1C) NH44 near Domel, Katra",https://en.wikipedia.org/wiki/National_Highway_144_(India),http://openstreetmap.org/browse/relation/3239340
147,National Highway 344 (India),3239360,Punjab,173 km (107 mi),"(NH72) NH44 near Ambala, (NH73) Dhanana, Saha, Yamunanagar, Saharanpur, NH334 near Roorkee",https://en.wikipedia.org/wiki/National_Highway_344_(India),http://openstreetmap.org/browse/relation/3239360
148,National Highway 544 (India),3239550,Kerala,332 km (206 mi),"(NH47) NH44 near Salem, Coimbatore, Palakkad, Thrissur, NH66 near Ernakulum",https://en.wikipedia.org/wiki/National_Highway_544_(India),http://openstreetmap.org/browse/relation/3239550
149,National Highway 744 (India),3239789,Kerala,232 km (144 mi),"(NH208) NH44 near Tirumangalum, Srivilliputtur, Rajapalaiyam, Tenkasi, Puliyur, Punalur, Kottarakara, Kundara, Kadappakada, NH66 Chinnakada near Kollam",https://en.wikipedia.org/wiki/National_Highway_744_(India),http://openstreetmap.org/browse/relation/3239789
150,National Highway 944 (India),3240283,Tamil Nadu,23 km (14 mi),"(NH47B) NH44 near Kavalkinaru, Aralvaymozhi, NH66 near Nagerkoil",https://en.wikipedia.org/wiki/National_Highway_944_(India),http://openstreetmap.org/browse/relation/3240283
151,National Highway 45 (India),3248199,Madhya Pradesh,280 km (170 mi),"(NH12) NH46 near Obaidullaganj, Bareli, Tendukheda, NH30 near Jabalpur",https://en.wikipedia.org/wiki/National_Highway_45_(India),http://openstreetmap.org/browse/relation/3248199
152,National Highway 46 (India),3248209,Madhya Pradesh,604 km (375 mi),"(NH3) NH44 near Gwalior, Shivpuri, Guna, (NH12) Biora, Bhopal, (NH69) Obeddullaganj, Hoshangabad, NH47 near Betul",https://en.wikipedia.org/wiki/National_Highway_46_(India),http://openstreetmap.org/browse/relation/3248209
153,National Highway 146 (India),3248220,Madhya Pradesh,188 km (117 mi),"(NH86) NH46 near Bhopal, Vidisha, NH44 near Sagar",https://en.wikipedia.org/wiki/National_Highway_146_(India),http://openstreetmap.org/browse/relation/3248220
154,National Highway 47 (India),3248235,Gujarat,"1,080 km (670 mi)","(NH8A) NH27 near Bamanbore, Limbdi, (NH59) Ahmedabad, Godhra, Dahod, (NH59A) Indore, (NH69) Betul, Saoner, NH44 near Nagpur",https://en.wikipedia.org/wiki/National_Highway_47_(India),http://openstreetmap.org/browse/relation/3248235
155,National Highway 147 (India),3248297,Gujarat,50 km (31 mi),"(NH8C) NH47 near Sakhej, Gandhinagar, NH48 near Chilloda",https://en.wikipedia.org/wiki/National_Highway_147_(India),http://openstreetmap.org/browse/relation/3248297
156,National Highway 48 (India),3188469,Delhi,"2,807 km (1,744 mi)","(NH8) Delhi, Bawal, Kotpuli, Jaipur, (NH79A) Kishangarh, (NH79) Nasirabad, (NH76) Chittorgarh, (NH8) Udaipur, Ahmedabad, Vadodara, Ankleshwar, (NH3) Mumbai, (NH4) Thane, Pune, Satara, Kolhapur, Belgam, Chitradurga, (NH7) Bengaluru, (NH46) Krishnagiri, (NH4) Vellore, Chennai",https://en.wikipedia.org/wiki/National_Highway_48_(India),http://openstreetmap.org/browse/relation/3188469
157,National Highway 148 (India),3189844,Rajasthan,105 km (65 mi),"(NH11A) NH48 near Manoharpur, Dausa, NH23 near Lalsot",https://en.wikipedia.org/wiki/National_Highway_148_(India),http://openstreetmap.org/browse/relation/3189844
158,National Highway 248 (India),3240893,Rajasthan,53 km (33 mi),(NH11C) old NH8 through Jaipur from km220 to km 273.50,https://en.wikipedia.org/wiki/National_Highway_248_(India),http://openstreetmap.org/browse/relation/3240893
159,National Highway 348 (India),3240902,Maharashtra,28 km (17 mi),"(NH4B) NH48 near Palspe, Jawaharlal Nehru Port",https://en.wikipedia.org/wiki/National_Highway_348_(India),http://openstreetmap.org/browse/relation/3240902
160,National Highway 448 (India),3240909,Rajasthan,57 km (35 mi),"(NH8) NH48 near Kishangarh, (NH79) Ajmer, NH48 near Nasirabad",https://en.wikipedia.org/wiki/National_Highway_448_(India),http://openstreetmap.org/browse/relation/3240909
161,National Highway 548 (India),3240924,Maharashtra,5 km (3.1 mi),"NH66 near Kalamboi, NH348 at km 16.687",https://en.wikipedia.org/wiki/National_Highway_548_(India),http://openstreetmap.org/browse/relation/3240924
162,National Highway 648 (India),3240937,Karnataka,143 km (89 mi),"(NH207) NH48 near Nelamangla, Dodaballapur, Devenhalli (NH44), Sarajpur, Bagalur, NH48 near Hosur",https://en.wikipedia.org/wiki/National_Highway_648_(India),http://openstreetmap.org/browse/relation/3240937
163,National Highway 748 (India),3240977,Karnataka,160 km (99 mi),"(NH4A) NH48 near Belgaum, Anmod, Ponda, NH66 near Panaji",https://en.wikipedia.org/wiki/National_Highway_748_(India),http://openstreetmap.org/browse/relation/3240977
164,National Highway 948 (India),3241154,Karnataka,317 km (197 mi),"(NH209) NH48 near Bengaluru, Kanakapura, Malvalli, Kollagal, Chamarajnagar, NH544 near Coimbatore",https://en.wikipedia.org/wiki/National_Highway_948_(India),http://openstreetmap.org/browse/relation/3241154
165,National Highway 49 (India),3241993,Chhattishgarh,706 km (439 mi),"(NH200) NH130 near Bilaspur, Pamgarh, Raigarh, Kanaktora, Jharsuguda, Kuchinda, Pravasuni, (NH6) Deogarh, Barakot, Palalaharba, KenduJhargarh, Bangriposchi, Baharagora, NH16 near Kharagpur",https://en.wikipedia.org/wiki/National_Highway_49_(India),http://openstreetmap.org/browse/relation/3241993
166,National Highway 149 (India),3287546,Odisha,,"(NH23) NH49 near Palalaharha, Talcher, NH55 near Nuahata",https://en.wikipedia.org/wiki/National_Highway_149_(India),http://openstreetmap.org/browse/relation/3287546
167,National Highway 50 (India),3242033,Karnataka,544 km (338 mi),"(NH218) NH65 near Homanabad, Gulbarga, Jevargi, (NH13) Bijapur, Hospet, NH48 near Lakshraisagara",https://en.wikipedia.org/wiki/National_Highway_50_(India),http://openstreetmap.org/browse/relation/3242033
168,National Highway 150 (India),3461026,Karnataka,137 km (85 mi),"NH50 near Gulbarga, Yadagiri, NH167 near Devasuguru",https://en.wikipedia.org/wiki/National_Highway_150_(India),http://openstreetmap.org/browse/relation/3461026
169,National Highway 150A (India),3790917,Karnataka,618 km (384 mi),"N50 near Jewargi, Siruguppa, Bellary, Hiriyur, Chikkanayakanahalli, Nagamangala, Srirangapatna, Mysore, Nanjangud, NH-948 near Chamarajnagar",https://en.wikipedia.org/wiki/National_Highway_150A_(India),http://openstreetmap.org/browse/relation/3790917
170,National Highway 150E (India),3790976,Karnataka,105 km (65 mi),"NH-50 near Gulbarga,Chowdapur, Afzalpur, NH-52 near Solapur",https://en.wikipedia.org/wiki/National_Highway_150E_(India),http://openstreetmap.org/browse/relation/3790976
171,National Highway 51 (India),3242613,Gujarat,522 km (324 mi),"(NH8E) Dwarka, Bhogat, Porbandar, Navibander, Shil, Mangrol, Somnath, Kodinar, Una, Mahuva, Talaja, Bhavnagar",https://en.wikipedia.org/wiki/National_Highway_51_(India),http://openstreetmap.org/browse/relation/3242613
172,National Highway 151 (India),3242849,Gujarat,99 km (62 mi),"(NH8D) NH51 near Gadu, Vanthali Junagadh, NH27 near Jetpur",https://en.wikipedia.org/wiki/National_Highway_151_(India),http://openstreetmap.org/browse/relation/3242849
173,National Highway 52 (India),3188321,Punjab,"2,317 km (1,440 mi)","(NH71) Sangrur, (NH65) Narwana, Hisar, (NH11) Fatehpur, (NH12) Jaipur, Tonk, Kota, Aklera, Rajgarh, (NH3) Biora, Dewas, Indore, Sendhwa, (NH211) Dhule, Aurangabad, Beed, Osmanabad, (NH13) Solapur, (NH218) Bijapur, (NH63) Hubli, Ankola",https://en.wikipedia.org/wiki/National_Highway_52_(India),http://openstreetmap.org/browse/relation/3188321
174,National Highway 152 (India),3244074,Haryana,155 km (96 mi),"(NH65) NH52 near Narwana, Kaithal, (NH22) Ambala, NH7 near Panchkula",https://en.wikipedia.org/wiki/National_Highway_152_(India),http://openstreetmap.org/browse/relation/3244074
175,National Highway 352 (India),3244097,Haryana,218 km (135 mi),"(NH71) NH52 near Narwana, Jind, Rohtak, Jhajjar, Rewari, NH48 near Bawal",https://en.wikipedia.org/wiki/National_Highway_352_(India),http://openstreetmap.org/browse/relation/3244097
176,National Highway 552 (India),3189847,Rajasthan,75 km (47 mi),"(NH116) NH52 near Tonk, Uniara, Sawai Madhopur",https://en.wikipedia.org/wiki/National_Highway_552_(India),http://openstreetmap.org/browse/relation/3189847
177,National Highway 752 (India),3189852,Rajasthan,92 km (57 mi),"(NH90) Aklera, Atru, Baran",https://en.wikipedia.org/wiki/National_Highway_752_(India),http://openstreetmap.org/browse/relation/3189852
178,National Highway 53 (India),3245213,Gujarat,"1,781 km (1,107 mi)","(NH6) Hajira, Surat, Uchchhal, Dhule, Jalgaon, Akola, Amravati, Nagpur, Bhandara, Deori, Rajnandgaon, Durg, Raipur, Arang, Saraipali, Bargarh, Sambalpur, (NH200) Deograh, Dubri, Chandhikhol, (NH5A) Haridaspur, Paradip Port",https://en.wikipedia.org/wiki/National_Highway_53_(India),http://openstreetmap.org/browse/relation/3245213
179,National Highway 153 (India),3246845,Chhattisgarh,39 km (24 mi),"(NH216) NH53 near Saraipali, NH49 near Sarangarh",https://en.wikipedia.org/wiki/National_Highway_153_(India),http://openstreetmap.org/browse/relation/3246845
180,National Highway 353 (India),3246854,Chhattisgarh,146 km (91 mi),"(NH217) NH53 near Ghorai, Mahasamund, Bagbahra, Nauparha, NH59 near Khariar",https://en.wikipedia.org/wiki/National_Highway_353_(India),http://openstreetmap.org/browse/relation/3246854
181,National Highway 54 (India),3209621,Punjab,340 km (210 mi),"(NH15) Panthankot, Gurdaspur, Amritsar, Zira, Faridkot, (NH64) Bathinda, Bikaner, Sikar, near NH8 Jaipur",https://en.wikipedia.org/wiki/National_Highway_54_(India),http://openstreetmap.org/browse/relation/3209621
182,National Highway 154 (India),3209668,Punjab,279 km (173 mi),"(NH20) NH54 near Pathankot, Nurpur, Palampur, Jogindarnagar, (NH21) Mandi, Sundar Nagar, Ghaghas, Bilaspur, NH205 near Nauni",https://en.wikipedia.org/wiki/National_Highway_154_(India),http://openstreetmap.org/browse/relation/3209668
183,National Highway 55 (India),3247298,Odisha,264 km (164 mi),"(NH42) NH53 near Sambalpur, Redhakhol, Angul, Nuahata, Dhenkanal, NH16 near Cuttack",https://en.wikipedia.org/wiki/National_Highway_55_(India),http://openstreetmap.org/browse/relation/3247298
184,National Highway 56 (India),3247318,Rajasthan,290 km (180 mi),"(NH79) NH27 near Chittaurgarh, (NH113) Nimbahera, Pratapgarh, Banswara, Jhalod, Umbi, NH47 near Dahod",https://en.wikipedia.org/wiki/National_Highway_56_(India),http://openstreetmap.org/browse/relation/3247318
185,National Highway 156 (India),3247350,Rajasthan,10 km (6.2 mi),"(NH79) NH56 near Nimbahera, Border to MP",https://en.wikipedia.org/wiki/National_Highway_156_(India),http://openstreetmap.org/browse/relation/3247350
186,National Highway 57 (India),3247355,Odisha,297 km (185 mi),"(NH224) NH26 near Balangir, Sonapur, Bauda, Dashapalla, Nayagarh, NH16 near Khordha",https://en.wikipedia.org/wiki/National_Highway_57_(India),http://openstreetmap.org/browse/relation/3247355
187,National Highway 58 (India),3189779,Rajasthan,620 km (390 mi),"(NH65) Fatehpur,Ladnun, (NH89) Nagaur, Merta City, (NH8) Ajmer, Bayawar, Devgarh, Udaipur",https://en.wikipedia.org/wiki/National_Highway_58_(India),http://openstreetmap.org/browse/relation/3189779
188,National Highway 59 (India),3247434,Odisha,352 km (219 mi),"(NH217) NH353 near Khariar, Titlagrah, Lankagarh, Baligurha, Surada, Asika, NH16 near Brahmapur",https://en.wikipedia.org/wiki/National_Highway_59_(India),http://openstreetmap.org/browse/relation/3247434
189,National Highway 60 (India),3247531,Maharashtra,395 km (245 mi),"(NH3) NH53 near Dhule, (NH50) Nashik, Sangammer, Ale, NH48 near Pune",https://en.wikipedia.org/wiki/National_Highway_60_(India),http://openstreetmap.org/browse/relation/3247531
190,National Highway 160 (India),3248693,Maharashtra,149 km (93 mi),"(NH3) NH60 near Nasik, NH48 near Thane",https://en.wikipedia.org/wiki/National_Highway_160_(India),http://openstreetmap.org/browse/relation/3248693
191,National Highway 61 (India),3248429,Maharashtra,652 km (405 mi),"(NH222) NH160 near Bhiwandi, Kalyan, Murbad, Ale, Ahmadnagar, Tisgaon, Pathardi, Yeli, Kharwandi, Padalshingi, Majalgaon, Parbhani, Nanded, Bhokar, NH44 near Nirmal",https://en.wikipedia.org/wiki/National_Highway_61_(India),http://openstreetmap.org/browse/relation/3248429
192,National Highway 62 (India),3188295,Punjab,748 km (465 mi),"(NH15) Abohar, Ganganagar, Suratgarh, Lunkaransar, (NH89) Bikaner, (NH65) Nagaur, Jodhpur, (NH14) Pali, Sirohi, Pindwara",https://en.wikipedia.org/wiki/National_Highway_62_(India),http://openstreetmap.org/browse/relation/3188295
193,National Highway 162 (India),3189874,Rajasthan,89 km (55 mi),"(NH14) Pali, Bar",https://en.wikipedia.org/wiki/National_Highway_162_(India),http://openstreetmap.org/browse/relation/3189874
194,National Highway 63 (India),3249230,Telangana,560 km (350 mi),"(NH16) Nizamabad, Metpalli, Mancheral, Chinnur, Kotapad, NH26 near Boriguma",https://en.wikipedia.org/wiki/National_Highway_63_(India),http://openstreetmap.org/browse/relation/3249230
195,National Highway 163 (India),3249370,Telangana,344 km (214 mi),"(NH202) NH63 near Bhopalpatnam, Venkatapuram, Warangal, NH44 near Hyderabad",https://en.wikipedia.org/wiki/National_Highway_163_(India),http://openstreetmap.org/browse/relation/3249370
196,National Highway 64 (India),3250238,Gujarat,332 km (206 mi),"(NH8) NH48 near Ahmedabad, (NH228) Anand, Dandi",https://en.wikipedia.org/wiki/National_Highway_64_(India),http://openstreetmap.org/browse/relation/3250238
197,National Highway 65 (India),3250367,Maharashtra,926 km (575 mi),"(NH9) NH48 near Pune, Indapur, Solapur, Umarga, Homnabad, Hyderabad,Suryapet,Vijayawada, Vuyyuru, Pamarru, NH216 near Machilipatnam",https://en.wikipedia.org/wiki/National_Highway_65_(India),http://openstreetmap.org/browse/relation/3250367
198,National Highway 165 (India),3251439,Andhra Pradesh,107 km (66 mi),"(NH214) NH65 near Pamarru, Mandavalli, Pallevada, Digamarru, NH216 near Narsapur",https://en.wikipedia.org/wiki/National_Highway_165_(India),http://openstreetmap.org/browse/relation/3251439
199,National Highway 66 (India),3251490,Maharashtra,"1,593 km (990 mi)","(NH17) NH48 near Panvel, Indapur, Mahad, Rajapur, Kudal, Panaji, Margao, Karwar, Honavar, Udupi, Mangalore, Kasaragod, Kannur, Kozhikode, Ponnani, Guruvayoor, Edappalli, (NH47) Ernakulam, Alappuzha, Kollam, Thiruvananthapuram, NH44 near Kanyakumari",https://en.wikipedia.org/wiki/National_Highway_66_(India),http://openstreetmap.org/browse/relation/3251490
200,National Highway 166 (India),3251991,Maharashtra,149 km (93 mi),"(NH204) Ratnagiri, Tink, Pali, NH48 near Kolhapur",https://en.wikipedia.org/wiki/National_Highway_166_(India),http://openstreetmap.org/browse/relation/3251991
201,National Highway 366 (India),3252270,Goa,10 km (6.2 mi),"(NH17A) NH66 near Cortalim, Vasco, Monnugao Port",https://en.wikipedia.org/wiki/National_Highway_366_(India),http://openstreetmap.org/browse/relation/3252270
202,National Highway 566 (India),3252296,Goa,12.2 km (7.6 mi),"(NH17B) NH748 near Ponda, Verna, NH366 near Vasco",https://en.wikipedia.org/wiki/National_Highway_566_(India),http://openstreetmap.org/browse/relation/3252296
203,National Highway 766 (India),3252308,Kerala,268 km (167 mi),"(NH212) NH66 near Kozikode, Kalpetta, Gundlulpet, Mysore, NH948 near Kollegal",https://en.wikipedia.org/wiki/National_Highway_766_(India),http://openstreetmap.org/browse/relation/3252308
204,National Highway 966 (India),3252912,Kerala,122 km (76 mi),"(NH213) NH66 near Ferokh, NH544 near Palakkad",https://en.wikipedia.org/wiki/National_Highway_966_(India),http://openstreetmap.org/browse/relation/3252912
205,National Highway 966A (India),3252940,Kerala,15 km (9.3 mi),"(NH47C) NH544 near Kalamassery, NH66, Vallarpadam, Ernakulam",https://en.wikipedia.org/wiki/National_Highway_966A_(India),http://openstreetmap.org/browse/relation/3252940
206,National Highway 966B (India),3464512,Kerala,8 km (5.0 mi),"(NH47A) NH66, Willington Island near Kochi, Ernakulam",https://en.wikipedia.org/wiki/National_Highway_966B_(India),http://openstreetmap.org/browse/relation/3464512
207,National Highway 67 (India),3253003,Karnataka,300 km (190 mi),"(NH63) NH48 near Hubli, Gadag, Koppal, Hosepet, Bellary, NH44 near Gooty",https://en.wikipedia.org/wiki/National_Highway_67_(India),http://openstreetmap.org/browse/relation/3253003
208,National Highway 167 (India),3461042,Karnataka,264 km (164 mi),"NH67 near Bellary, Raichur, Makhtal, NH44 near Badepalli",https://en.wikipedia.org/wiki/National_Highway_167_(India),http://openstreetmap.org/browse/relation/3461042
209,National Highway 367 (India),3791072,Karnataka,157 km (98 mi),"NH67 near Bhanapur, Kukunur, Yelburga, Gajendragad, Badami, Guledagudda, Bagalkot,NH52 near Gadankeri",https://en.wikipedia.org/wiki/National_Highway_367_(India),http://openstreetmap.org/browse/relation/3791072
210,National Highway 68 (India),3188307,Rajasthan,429 km (267 mi),"(NH15) Jaisalmer, Barmer, Sanchor, Tharad, Bhabhar, Radhanpur",https://en.wikipedia.org/wiki/National_Highway_68_(India),http://openstreetmap.org/browse/relation/3188307
211,National Highway 69 (India),3253743,Karnataka,625 km (388 mi),"(NH206) NH66 near Honnavar, Shimoga, (NH234) Banavar, Hulyar, Sira, Madhugiri, Chintamani, (NH4) Mulbagal, Palmaner, NH40 near Chittor",https://en.wikipedia.org/wiki/National_Highway_69_(India),http://openstreetmap.org/browse/relation/3253743
212,National Highway 169 (India),3254973,Karnataka,215 km (134 mi),"(NH13) NH69 near Shimoga, Tirthahalli, Koppa, Karkal, NH66 near Mangalore",https://en.wikipedia.org/wiki/National_Highway_169_(India),http://openstreetmap.org/browse/relation/3254973
213,National Highway 169A (India),3791187,Karnataka,87 km (54 mi),"NH-169 near Thirthahalli, Agumbe, Hebri,NH-66 near Udupi",https://en.wikipedia.org/wiki/National_Highway_169A_(India),http://openstreetmap.org/browse/relation/3791187
214,National Highway 369 (India),3255290,Karnataka,105 km (65 mi),"(NH13) NH69 near Shimoga, Channagiri, Holalkere, NH48 near Chitradurga",https://en.wikipedia.org/wiki/National_Highway_369_(India),http://openstreetmap.org/browse/relation/3255290
215,National Highway 71 (India),3255313,Andhra Pradesh,108 km (67 mi),"(NH205) NH42 near Madanpalle, Pileru-Tirupati, NH716 near Renigunta",https://en.wikipedia.org/wiki/National_Highway_71_(India),http://openstreetmap.org/browse/relation/3255313
216,National Highway 73 (India),3255381,Karnataka,316 km (196 mi),"(NH234) NH66 near Mangaluru, (NH206) Banavara, Arsikere, NH48 near Tumkur",https://en.wikipedia.org/wiki/National_Highway_73_(India),http://openstreetmap.org/browse/relation/3255381
217,National Highway 173 (India),3791221,Karnataka,72 km (45 mi),"NH73 near Mudigere, Chikmagalur, NH69 near Kadur",https://en.wikipedia.org/wiki/National_Highway_173_(India),http://openstreetmap.org/browse/relation/3791221
218,National Highway 75 (India),3255606,Karnataka,533 km (331 mi),"(NH48) NH73 near Bantval, Hassan, (NH4) Nelamangala, Bengaluru, Kolar, (NH234) Mulbagal, Venkatagirikota, Pernampet, Gudiyattam, Katpadi, NH48 near Vellore",https://en.wikipedia.org/wiki/National_Highway_75_(India),http://openstreetmap.org/browse/relation/3255606
219,National Highway 275 (India),3791268,Karnataka,367 km (228 mi),"NH-75 near Bantwal, Puttur, Sullia, Madikeri, Kushalanagar, Bylakuppe, Hunsur, Mysore, Srirangapatna, Mandya, Ramanagaram, NH75 near Bengaluru (Bangalore)",https://en.wikipedia.org/wiki/National_Highway_275_(India),http://openstreetmap.org/browse/relation/3791268
220,National Highway 77 (India),3255919,Tamil Nadu,177 km (110 mi),"(NH66) NH48 near Krishnagiri, Uttangarai, Tiruvannamalai, Gingee, NH32 near Tindivanam",https://en.wikipedia.org/wiki/National_Highway_77_(India),http://openstreetmap.org/browse/relation/3255919
221,National Highway 79 (India),3256003,Tamil Nadu,137 km (85 mi),"(NH68) NH44 near Salem, Attur, NH38 near Ulundurpettai",https://en.wikipedia.org/wiki/National_Highway_79_(India),http://openstreetmap.org/browse/relation/3256003
222,National Highway 81 (India),3256061,Tamil Nadu,340 km (210 mi),"(NH67) NH544 near Coimbatore, Palladam, Karur, Krishnarayapuram, (NH227) Tiruchirappalli, Lalgudi, Kallakudi, Kizhapalur, Udaiyarpalaiyam, Jayamkondacholapuram, Gangaikondacholapuram, Kattumannarkoil, Komarakshi, NH32 near Chidambaram",https://en.wikipedia.org/wiki/National_Highway_81_(India),http://openstreetmap.org/browse/relation/3256061
223,National Highway 181 (India),3256768,Karnataka,211 km (131 mi),"(NH67) NH81 near Coimbatore, Mettuppalayam, Udagamandalam (ooty), Gudalur, NH766 near Gundulpet",https://en.wikipedia.org/wiki/National_Highway_181_(India),http://openstreetmap.org/browse/relation/3256768
224,National Highway 83 (India),3256907,Tamil Nadu,394 km (245 mi),"(NH209) NH544 near Coimbatore, Pollachi, (NH45) Dindigul (NH67) Tiruchchirappali, Thanjavur, NH32 near Nagappattinam",https://en.wikipedia.org/wiki/National_Highway_83_(India),http://openstreetmap.org/browse/relation/3256907
225,National Highway 183 (India),3257198,Kerala,322 km (200 mi),"(NH45) NH83 near Dindigul, (NH220) Teni, Uttamapalayam, Cumbum, Kumily, Peermedu, Mundakkayam, Kanjirappali, Kodungoor, Kottayam, Changanassery, Chengannur, NH744 near Kundara, Anchalumoodu, Thevally, NH66 near Kollam",https://en.wikipedia.org/wiki/National_Highway_183_(India),http://openstreetmap.org/browse/relation/3257198
226,National Highway 85 (India),3257242,Kerala,413 km (257 mi),"(NH49) NH66 near Kochi, Ernakulam, Moovttupuzha, Kothamangalam,Neriamangalam,Adimali, Munnar, Devikulam, Bodi, Theni, Madurai, (NH230) Tiruppuvanam, Sivaganga, Tondi point",https://en.wikipedia.org/wiki/National_Highway_85_(India),http://openstreetmap.org/browse/relation/3257242
227,National Highway 87 (India),3257823,Tamil Nadu,154 km (96 mi),"(NH49) NH38 near Tiruppuvanam, Manamadurai, Ramanathapuram, Rameswaram, Dhanushkodi",https://en.wikipedia.org/wiki/National_Highway_87_(India),http://openstreetmap.org/browse/relation/3257823
